,cost_grid_only,cost_optimal,cost_toll_only,savings_vs_grid
mean,1.581314e+07,1.4393994e+07,2.6522966e+07,1.419146e+06
p5,1.5016926e+07,1.3310592e+07,1.9369766e+07,524124.0
p50,1.5807462e+07,1.4396857e+07,2.5387042e+07,1.375372e+06
p95,1.6640342e+07,1.5471045e+07,3.751374e+07,2.480975e+06
