scenario,prob_per_year,affected_paths_pct,mean_grid_cost_$M,p95_grid_cost_$M,mean_optimal_cost_$M,mean_toll_savings_$M,p95_toll_savings_$M,max_toll_savings_$M,mean_grid_hit_$M,mean_savings_hit_$M
Baseline (no stress),0.0,0.0,30.748266,31.886173,28.401335,2.3469338,4.104462,6.303974,0.0,0.0
Mild cold snap,0.5,50.22,31.719378,33.534527,28.668406,3.0509682,5.0909333,7.837456,32.683685302734375,3.742889165878296
Moderate Uri-style,0.2,20.74,32.676067,40.582653,28.77512,3.9009469,10.482651,13.70518,40.032310485839844,9.79285717010498
Full Uri replay,0.05,5.220000000000001,34.384117,98.072266,29.639822,4.744293,45.861557,51.923046,100.42950439453125,48.24367141723633
